SECTION,TYPE,DATA1,DATA2,DATA3,DATA4,DATA5
INFO,VERSION,1.0,,,,
INFO,EXPORT_DATE,2026-05-07T11:21:21.318Z,,,,
WAYPOINT,wp-1778152876473,WP1,18.96798718378201,72.45758056640626,,
WAYPOINT,wp-1778152877370,WP2,18.90433768199744,72.3497772216797,,
